{"train/loss": 2.3774, "train/learning_rate": 0.0002, "train/epoch": 1.0, "train/global_step": 52000, "_timestamp": 1681932249.6258533, "_runtime": 17874.093596220016, "_step": 1339, "_wandb": {"runtime": 17874}}