{"train/loss": 0.3676, "train/epoch": 12.19, "train/global_step": 37150, "_timestamp": 1681911256.3987768, "_runtime": 14130.839090824127, "_step": 754}