{"train/loss": 3.7685, "train/epoch": 3.81, "train/global_step": 11600, "_timestamp": 1681901534.277109, "_runtime": 4408.717422962189, "_step": 234}