{"train/loss": 5.1551, "train/learning_rate": 0.0002, "train/epoch": 0.98, "train/global_step": 500, "_timestamp": 1681896879.520517, "_runtime": 1212.6632361412048, "_step": 9, "_wandb": {"runtime": 1230}}