{"train/loss": 2.3301, "train/global_step": 63650, "_timestamp": 1681978458.5382166, "_runtime": 2821.9490196704865, "_step": 233}